<?xml version="1.0" encoding="UTF-8"?>
<project-private xmlns="http://www.netbeans.org/ns/project-private/1">
    <editor-bookmarks xmlns="http://www.netbeans.org/ns/editor-bookmarks/2" lastBookmarkId="0"/>
    <open-files xmlns="http://www.netbeans.org/ns/projectui-open-files/2">
        <group>
            <file>file:/C:/Users/Graham/Documents/College/UL/TrafficSim/src/trafficsim/Vector.java</file>
            <file>file:/C:/Users/Graham/Documents/College/UL/TrafficSim/src/road/RoadFactory.java</file>
            <file>file:/C:/Users/Graham/Documents/College/UL/TrafficSim/src/road/Sidelane.java</file>
            <file>file:/C:/Users/Graham/Documents/College/UL/TrafficSim/src/trafficsim/TrafficSim.java</file>
            <file>file:/C:/Users/Graham/Documents/College/UL/TrafficSim/src/draw/DrawPanel.java</file>
            <file>file:/C:/Users/Graham/Documents/College/UL/TrafficSim/src/vehicle/Vehicle.java</file>
            <file>file:/C:/Users/Graham/Documents/College/UL/TrafficSim/src/draw/RoadView.java</file>
            <file>file:/C:/Users/Graham/Documents/College/UL/TrafficSim/src/road/Road.java</file>
            <file>file:/C:/Users/Graham/Documents/College/UL/TrafficSim/src/vehicle/VehicleController.java</file>
        </group>
    </open-files>
</project-private>
