<?xml version="1.0" encoding="UTF-8"?>
<project-private xmlns="http://www.netbeans.org/ns/project-private/1">
    <editor-bookmarks xmlns="http://www.netbeans.org/ns/editor-bookmarks/2" lastBookmarkId="0"/>
    <open-files xmlns="http://www.netbeans.org/ns/projectui-open-files/2">
        <group>
            <file>file:/C:/Users/Graham/Documents/College/UL/TrafficSim/src/road/Motorway.java</file>
            <file>file:/C:/Users/Graham/Documents/College/UL/TrafficSim/src/interceptor/Dispatcher.java</file>
            <file>file:/C:/Users/Graham/Documents/College/UL/TrafficSim/src/trafficsim/TrafficSim.java</file>
            <file>file:/C:/Users/Graham/Documents/College/UL/TrafficSim/src/interceptor/Interceptor.java</file>
            <file>file:/C:/Users/Graham/Documents/College/UL/TrafficSim/src/interceptor/ContextObject.java</file>
            <file>file:/C:/Users/Graham/Documents/College/UL/TrafficSim/src/road/NullRoad.java</file>
            <file>file:/C:/Users/Graham/Documents/College/UL/TrafficSim/src/interceptor/ConcreteFramework.java</file>
            <file>file:/C:/Users/Graham/Documents/College/UL/TrafficSim/src/vehicle/VehicleController.java</file>
        </group>
    </open-files>
</project-private>
